USE common;
INSERT INTO t_guyue_project(c_name,c_alias,c_webname,c_github,c_database,c_codeprefix,c_desc) VALUES('common','common','','https://github.com/guyue2015/guyueProject','common','100000','公用项目');
INSERT INTO t_guyue_project(c_name,c_alias,c_webname,c_github,c_database,c_codeprefix,c_desc) VALUES('projectmangement','projectmangement','','https://github.com/guyue2015/guyueProject','projectmangement','100002','项目管理');
INSERT INTO t_guyue_project(c_name,c_alias,c_webname,c_github,c_database,c_codeprefix,c_desc) VALUES('ApiSpeed','ApiSpeed','ApiSpeakWrite','https://github.com/guyue2015/guyueProject','api','100001','接口快速开发');
INSERT INTO t_common_code(c_codetype,c_code,c_value,c_value_en,n_order,c_pcode,c_desc) VALUES('1000000001','1','是','yes',1,'','');
INSERT INTO t_common_code(c_codetype,c_code,c_value,c_value_en,n_order,c_pcode,c_desc) VALUES('1000000001','2','否','not',2,'','');
INSERT INTO t_common_code(c_codetype,c_code,c_value,c_value_en,n_order,c_pcode,c_desc) VALUES('1000000002','1','权限字','',1,'','');
INSERT INTO t_common_code(c_codetype,c_code,c_value,c_value_en,n_order,c_pcode,c_desc) VALUES('1000000002','2','角色','',2,'','');
INSERT INTO t_common_code(c_codetype,c_code,c_value,c_value_en,n_order,c_pcode,c_desc) VALUES('1000010001','1','最新接口','',1,'','');
INSERT INTO t_common_code(c_codetype,c_code,c_value,c_value_en,n_order,c_pcode,c_desc) VALUES('1000010001','2','历史接口','',2,'','');
INSERT INTO t_common_code(c_codetype,c_code,c_value,c_value_en,n_order,c_pcode,c_desc) VALUES('1000020001','1','创建','',1,'','');
INSERT INTO t_common_code(c_codetype,c_code,c_value,c_value_en,n_order,c_pcode,c_desc) VALUES('1000020001','2','分配','',2,'','');
INSERT INTO t_common_code(c_codetype,c_code,c_value,c_value_en,n_order,c_pcode,c_desc) VALUES('1000020001','3','解决','',3,'','');
INSERT INTO t_common_code(c_codetype,c_code,c_value,c_value_en,n_order,c_pcode,c_desc) VALUES('1000020002','server','服务器检测','',1,'','');
INSERT INTO t_common_code(c_codetype,c_code,c_value,c_value_en,n_order,c_pcode,c_desc) VALUES('1000020002','server.code','服务器代码检测','',2,'','');
INSERT INTO t_common_code(c_codetype,c_code,c_value,c_value_en,n_order,c_pcode,c_desc) VALUES('1000020002','server.status','服务器状态检测','',3,'','');
INSERT INTO t_common_code(c_codetype,c_code,c_value,c_value_en,n_order,c_pcode,c_desc) VALUES('1000020002','server.api','服务器接口检测','',4,'','');
INSERT INTO t_common_code(c_codetype,c_code,c_value,c_value_en,n_order,c_pcode,c_desc) VALUES('1000020002','server.port','服务器服务检测','',5,'','');
INSERT INTO t_common_code(c_codetype,c_code,c_value,c_value_en,n_order,c_pcode,c_desc) VALUES('1000020002','database','数据库检测','',6,'','');
INSERT INTO t_common_code(c_codetype,c_code,c_value,c_value_en,n_order,c_pcode,c_desc) VALUES('1000020002','database.status','数据库服务检测','',7,'','');
INSERT INTO t_common_code(c_codetype,c_code,c_value,c_value_en,n_order,c_pcode,c_desc) VALUES('1000020002','database.db','数据库库检测','',8,'','');
INSERT INTO t_common_code(c_codetype,c_code,c_value,c_value_en,n_order,c_pcode,c_desc) VALUES('1000020002','database.db.tables','数据库表检测','',9,'','');
INSERT INTO t_common_code(c_codetype,c_code,c_value,c_value_en,n_order,c_pcode,c_desc) VALUES('1000020002','database.db.column','数据库表字段检测','',10,'','');
INSERT INTO t_common_codetype(c_codetype,c_value,c_value_en) VALUES('1000000001','是否','yes_or_not');
INSERT INTO t_common_codetype(c_codetype,c_value,c_value_en) VALUES('1000000002','赋权限类型','');
INSERT INTO t_common_codetype(c_codetype,c_value,c_value_en) VALUES('1000010001','接口版本类型','');
INSERT INTO t_common_codetype(c_codetype,c_value,c_value_en) VALUES('1000020001','接口检测结果项状态','');
INSERT INTO t_common_codetype(c_codetype,c_value,c_value_en) VALUES('1000020002','接口检测类型','');
